{"input_min": [48.50590896606445, 28.88536262512207, 8.987298965454102, 6.208993911743164, 38.59552001953125, 7.7336835861206055, 1.2035105228424072, 1.70070219039917, 51.87605667114258, 11.360013008117676, 76.5846939086914, 26.55624008178711, 23.18137550354004, 12.609736442565918, 40.5648078918457, 16.43109893798828, 28.78193473815918, 27.02545738220215, 8.477286338806152, 14.998222351074219, 0.23477232456207275, 0.12256777286529541, 2.6814262866973877, 9.615804672241211, 0.957107424736023, 1057.3839111328125, 57.5167350769043, 60.91909408569336, 0.08621226996183395, 0.013444837182760239], "input_max": [126.44263458251953, 72.4157485961914, 33.0001220703125, 26.704200744628906, 93.28634643554688, 29.740461349487305, 13.772947311401367, 25.294578552246094, 236.8736114501953, 130.0294952392578, 377.7680358886719, 291.2303466796875, 402.247802734375, 336.9585266113281, 365.1688232421875, 328.7939758300781, 128.88009643554688, 120.56636810302734, 181.5926971435547, 91.0193099975586, 0.9143666625022888, 0.8076320886611938, 9.327296257019043, 12.242177963256836, 1.4990187883377075, 28393.77734375, 8543.0, 130.49884033203125, 0.30853500962257385, 0.042582232505083084], "output_min": [2.4065048694610596, 0.014435741119086742, 0.29380911588668823, 0.007217768579721451, 0.028871402144432068, 0.032525546848773956, 0.02888130582869053, 0.014448960311710835, 10.460795402526855, 24.397281646728516, 10.122814178466797, 13.83480453491211], "output_max": [64.93759155273438, 0.3895898759365082, 7.921559810638428, 0.19466568529605865, 0.7790050506591797, 0.8770400285720825, 0.7792198657989502, 0.38954007625579834, 94.13347625732422, 219.45626831054688, 90.97203063964844, 124.4455337524414]}